{"IcoMoonType":"selection","icons":[{"icon":{"paths":["M741.714 755.429c0 14.286-5.714 28.571-16 38.857l-77.714 77.714c-10.286 10.286-24.571 16-38.857 16s-28.571-5.714-38.857-16l-168-168-168 168c-10.286 10.286-24.571 16-38.857 16s-28.571-5.714-38.857-16l-77.714-77.714c-10.286-10.286-16-24.571-16-38.857s5.714-28.571 16-38.857l168-168-168-168c-10.286-10.286-16-24.571-16-38.857s5.714-28.571 16-38.857l77.714-77.714c10.286-10.286 24.571-16 38.857-16s28.571 5.714 38.857 16l168 168 168-168c10.286-10.286 24.571-16 38.857-16s28.571 5.714 38.857 16l77.714 77.714c10.286 10.286 16 24.571 16 38.857s-5.714 28.571-16 38.857l-168 168 168 168c10.286 10.286 16 24.571 16 38.857z"],"width":804.5714285714286,"attrs":[],"isMulticolor":false,"isMulticolor2":false,"tags":["close","remove","times"],"defaultCode":61453,"grid":14},"attrs":[],"properties":{"name":"close, remove, times","id":17,"order":104,"prevSize":28,"code":61453},"setIdx":0,"setId":24,"iconIdx":17},{"icon":{"paths":["M365.714 877.714c0 40-33.143 73.143-73.143 73.143s-73.143-33.143-73.143-73.143 33.143-73.143 73.143-73.143 73.143 33.143 73.143 73.143zM877.714 877.714c0 40-33.143 73.143-73.143 73.143s-73.143-33.143-73.143-73.143 33.143-73.143 73.143-73.143 73.143 33.143 73.143 73.143zM950.857 256v292.571c0 18.286-14.286 34.286-32.571 36.571l-596.571 69.714c2.857 13.143 7.429 26.286 7.429 40 0 13.143-8 25.143-13.714 36.571h525.714c20 0 36.571 16.571 36.571 36.571s-16.571 36.571-36.571 36.571h-585.143c-20 0-36.571-16.571-36.571-36.571 0-17.714 25.714-60.571 34.857-78.286l-101.143-470.286h-116.571c-20 0-36.571-16.571-36.571-36.571s16.571-36.571 36.571-36.571h146.286c38.286 0 39.429 45.714 45.143 73.143h686.286c20 0 36.571 16.571 36.571 36.571z"],"width":950.8571428571428,"attrs":[],"isMulticolor":false,"isMulticolor2":false,"tags":["shopping-cart"],"defaultCode":61562,"grid":14},"attrs":[],"properties":{"name":"shopping-cart","id":116,"order":105,"prevSize":28,"code":61562},"setIdx":0,"setId":24,"iconIdx":116},{"icon":{"paths":["M512.051 399.36c-62.208 0-112.691 50.432-112.691 112.64s50.483 112.64 112.691 112.64c62.208 0 112.589-50.432 112.589-112.64s-50.381-112.64-112.589-112.64zM512.051 266.24c62.208 0 112.589-50.483 112.589-112.64s-50.381-112.64-112.589-112.64c-62.208 0-112.691 50.432-112.691 112.64s50.483 112.64 112.691 112.64zM512.051 757.76c-62.208 0-112.691 50.432-112.691 112.64s50.483 112.64 112.691 112.64c62.208 0 112.589-50.432 112.589-112.64s-50.381-112.64-112.589-112.64z"],"attrs":[],"isMulticolor":false,"isMulticolor2":false,"tags":["dots-three-vertical"],"grid":20},"attrs":[],"properties":{"id":61,"order":103,"prevSize":20,"code":59648,"name":"dots-three-vertical"},"setIdx":15,"setId":7,"iconIdx":60}],"height":1024,"metadata":{"name":"icomoon"},"preferences":{"showGlyphs":true,"showQuickUse":false,"showQuickUse2":true,"showSVGs":true,"fontPref":{"prefix":"icon-","metadata":{"fontFamily":"icomoon"},"metrics":{"emSize":1024,"baseline":6.25,"whitespace":50},"embed":false},"imagePref":{"prefix":"icon-","png":true,"useClassSelector":true,"color":0,"bgColor":16777215,"classSelector":".icon"},"historySize":50,"showCodes":true,"gridSize":16}}